critic/q_loss,critic/q_mean,critic/q_max,critic/q_min,actor/total_loss,actor/q_loss,actor/bc_loss,actor/entropy_loss,actor/mse,beta/beta_loss,beta/beta,step
17.459505081176758,-0.07934411615133286,0.10154587030410767,-0.26521748304367065,231.31454467773438,-0.09835042804479599,236.61135864257812,-5.198464393615723,0.788704514503479,-0.0,0.9997000694274902,0
