critic/q_loss,critic/q_mean,critic/q_max,critic/q_min,actor/total_loss,actor/q_loss,actor/bc_loss,actor/entropy_loss,actor/mse,beta/beta_loss,beta/beta,step
0.999778151512146,-0.07934411615133286,0.10154587030410767,-0.26521748304367065,-2.498309373855591,0.33404144644737244,2.3661136627197266,-5.198464393615723,0.788704514503479,9.202634811401367,0.9997000694274902,0
