critic/q_loss,critic/q_mean,critic/q_max,critic/q_min,bc_actor/loss,onestep_actor/total_loss,onestep_actor/distill_loss,onestep_actor/q_loss,onestep_actor/mse,step
0.9799903631210327,0.038545094430446625,0.12196695804595947,-0.052039626985788345,1.1658174991607666,99.80546569824219,99.67401885986328,0.13144685328006744,0.19899220764636993,0
